date,nasClose
2011-12-01,56.779998779296875
2011-12-02,56.619998931884766
2011-12-05,57.2400016784668
2011-12-06,57.08000183105469
2011-12-07,57.08000183105469
2011-12-08,56.119998931884766
2011-12-09,57.02000045776367
2011-12-12,56.380001068115234
2011-12-13,55.7599983215332
2011-12-14,54.88999938964844
2011-12-15,54.7400016784668
2011-12-16,54.86000061035156
2011-12-19,54.31999969482422
2011-12-20,55.93000030517578
2011-12-21,55.130001068115234
2011-12-22,55.599998474121094
2011-12-23,56.08000183105469
2011-12-27,56.2400016784668
2011-12-28,55.59000015258789
2011-12-29,55.9900016784668
2011-12-30,55.83000183105469
2012-01-03,56.900001525878906
2012-01-04,57.13999938964844
2012-01-05,57.61000061035156
2012-01-06,57.810001373291016
2012-01-09,57.619998931884766
2012-01-10,58.040000915527344
2012-01-11,58.15999984741211
2012-01-12,58.38999938964844
2012-01-13,58.18000030517578
2012-01-17,58.709999084472656
2012-01-18,59.4900016784668
2012-01-19,59.86000061035156
2012-01-20,59.77000045776367
2012-01-23,59.790000915527344
2012-01-24,59.68000030517578
2012-01-25,60.43000030517578
2012-01-26,60.220001220703125
2012-01-27,60.400001525878906
2012-01-30,60.45000076293945
2012-01-31,60.529998779296875
2012-02-01,61.02000045776367
2012-02-02,61.209999084472656
2012-02-03,62.04999923706055
2012-02-06,62.0
2012-02-07,62.130001068115234
2012-02-08,62.459999084472656
2012-02-09,62.90999984741211
2012-02-10,62.470001220703125
2012-02-13,63.04999923706055
2012-02-14,63.209999084472656
2012-02-15,62.77000045776367
2012-02-16,63.630001068115234
2012-02-17,63.43000030517578
2012-02-21,63.61000061035156
2012-02-22,63.31999969482422
2012-02-23,63.7400016784668
2012-02-24,63.959999084472656
2012-02-27,64.05000305175781
2012-02-28,64.69999694824219
2012-02-29,64.41000366210938
2012-03-01,64.91999816894531
2012-03-02,64.87000274658203
2012-03-05,64.19999694824219
2012-03-06,63.56999969482422
2012-03-07,64.05999755859375
2012-03-08,64.75
2012-03-09,65.0199966430664
2012-03-12,65.05000305175781
2012-03-13,66.26000213623047
2012-03-14,66.48999786376953
2012-03-15,66.68000030517578
2012-03-16,66.5199966430664
2012-03-19,66.98999786376953
2012-03-20,67.11000061035156
2012-03-21,67.12000274658203
2012-03-22,66.9800033569336
2012-03-23,66.94000244140625
2012-03-26,68.11000061035156
2012-03-27,68.20999908447266
2012-03-28,67.94000244140625
2012-03-29,67.68000030517578
2012-03-30,67.55000305175781
2012-04-02,68.25
2012-04-03,68.2300033569336
2012-04-04,67.30000305175781
2012-04-05,67.72000122070312
2012-04-09,67.20999908447266
2012-04-10,66.12999725341797
2012-04-11,66.44999694824219
2012-04-12,67.20999908447266
2012-04-13,66.19000244140625
2012-04-16,65.44999694824219
2012-04-17,66.77999877929688
2012-04-18,66.61000061035156
2012-04-19,65.86000061035156
2012-04-20,65.68000030517578
2012-04-23,65.08000183105469
2012-04-24,64.7300033569336
2012-04-25,66.44999694824219
2012-04-26,66.83999633789062
2012-04-27,67.23999786376953
2012-04-30,66.76000213623047
2012-05-01,66.87000274658203
2012-05-02,67.05999755859375
2012-05-03,66.3499984741211
2012-05-04,64.69999694824219
2012-05-07,64.76000213623047
2012-05-08,64.5199966430664
2012-05-09,64.31999969482422
2012-05-10,64.19000244140625
2012-05-11,64.18000030517578
2012-05-14,63.58000183105469
2012-05-15,63.369998931884766
2012-05-16,62.939998626708984
2012-05-17,61.61000061035156
2012-05-18,60.810001373291016
2012-05-21,62.5099983215332
2012-05-22,62.439998626708984
2012-05-23,62.560001373291016
2012-05-24,62.150001525878906
2012-05-25,62.06999969482422
2012-05-29,62.86000061035156
2012-05-30,62.33000183105469
2012-05-31,62.060001373291016
2012-06-01,60.40999984741211
2012-06-04,60.869998931884766
2012-06-05,61.119998931884766
2012-06-06,62.52000045776367
2012-06-07,62.27000045776367
2012-06-08,62.869998931884766
2012-06-11,61.810001373291016
2012-06-12,62.560001373291016
2012-06-13,62.130001068115234
2012-06-14,62.36000061035156
2012-06-15,62.9900016784668
2012-06-18,63.58000183105469
2012-06-19,64.23999786376953
2012-06-20,64.29000091552734
2012-06-21,62.689998626708984
2012-06-22,63.349998474121094
2012-06-25,62.130001068115234
2012-06-26,62.52000045776367
2012-06-27,62.900001525878906
2012-06-28,62.20000076293945
2012-06-29,64.16000366210938
2012-07-02,64.3499984741211
2012-07-03,64.88999938964844
2012-07-05,64.93000030517578
2012-07-06,64.12000274658203
2012-07-09,64.0
2012-07-10,63.369998931884766
2012-07-11,63.02000045776367
2012-07-12,62.43000030517578
2012-07-13,63.380001068115234
2012-07-16,63.20000076293945
2012-07-17,63.529998779296875
2012-07-18,64.38999938964844
2012-07-19,65.0999984741211
2012-07-20,64.23999786376953
2012-07-23,63.459999084472656
2012-07-24,62.959999084472656
2012-07-25,62.540000915527344
2012-07-26,63.369998931884766
2012-07-27,64.87000274658203
2012-07-30,64.81999969482422
2012-07-31,64.80000305175781
2012-08-01,64.61000061035156
2012-08-02,64.37999725341797
2012-08-03,65.5999984741211
2012-08-06,66.0999984741211
2012-08-07,66.6500015258789
2012-08-08,66.62000274658203
2012-08-09,66.81999969482422
2012-08-10,66.86000061035156
2012-08-13,67.0199966430664
2012-08-14,67.05000305175781
2012-08-15,67.22000122070312
2012-08-16,68.0199966430664
2012-08-17,68.31999969482422
2012-08-20,68.41999816894531
2012-08-21,68.1500015258789
2012-08-22,68.43000030517578
2012-08-23,67.87000274658203
2012-08-24,68.29000091552734
2012-08-27,68.4000015258789
2012-08-28,68.4000015258789
2012-08-29,68.4000015258789
2012-08-30,67.70999908447266
2012-08-31,68.16000366210938
2012-09-04,68.08999633789062
2012-09-05,68.0199966430664
2012-09-06,69.52999877929688
2012-09-07,69.43000030517578
2012-09-10,68.54000091552734
2012-09-11,68.43000030517578
2012-09-12,68.62999725341797
2012-09-13,69.55999755859375
2012-09-14,70.18000030517578
2012-09-17,70.20999908447266
2012-09-18,70.2699966430664
2012-09-19,70.4000015258789
2012-09-20,70.33000183105469
2012-09-21,70.1500015258789
2012-09-24,69.73999786376953
2012-09-25,68.76000213623047
2012-09-26,68.19999694824219
2012-09-27,69.13999938964844
2012-09-28,68.56999969482422
2012-10-01,68.47000122070312
2012-10-02,68.66999816894531
2012-10-03,69.11000061035156
2012-10-04,69.3499984741211
2012-10-05,68.9800033569336
2012-10-08,68.3499984741211
2012-10-09,67.26000213623047
2012-10-10,66.91999816894531
2012-10-11,66.70999908447266
2012-10-12,66.68000030517578
2012-10-15,67.16999816894531
2012-10-16,68.12000274658203
2012-10-17,68.08000183105469
2012-10-18,67.29000091552734
2012-10-19,65.68000030517578
2012-10-22,66.0199966430664
2012-10-23,65.38999938964844
2012-10-24,65.16000366210938
2012-10-25,65.16000366210938
2012-10-26,65.3499984741211
2012-10-31,64.94999694824219
2012-11-01,65.87000274658203
2012-11-02,65.16999816894531
2012-11-05,65.5999984741211
2012-11-06,65.72000122070312
2012-11-07,64.16999816894531
2012-11-08,63.15999984741211
2012-11-09,63.43000030517578
2012-11-12,63.41999816894531
2012-11-13,62.97999954223633
2012-11-14,62.2400016784668
2012-11-15,62.029998779296875
2012-11-16,62.29999923706055
2012-11-19,63.779998779296875
2012-11-20,63.79999923706055
2012-11-21,63.93000030517578
2012-11-23,64.9000015258789
2012-11-26,65.18000030517578
2012-11-27,64.95999908447266
2012-11-28,65.5199966430664
2012-11-29,65.91000366210938
2012-11-30,65.80000305175781
2012-12-03,65.66999816894531
2012-12-04,65.62999725341797
2012-12-05,64.9000015258789
2012-12-06,65.31999969482422
2012-12-07,64.93000030517578
2012-12-10,65.12000274658203
2012-12-11,65.97000122070312
2012-12-12,65.83000183105469
2012-12-13,65.30999755859375
2012-12-14,64.69000244140625
2012-12-17,65.55000305175781
2012-12-18,66.55000305175781
2012-12-19,66.26000213623047
2012-12-20,66.26000213623047
2012-12-21,65.19999694824219
2012-12-24,65.06999969482422
2012-12-26,64.5
2012-12-27,64.4000015258789
2012-12-28,63.779998779296875
2012-12-31,65.12999725341797
2013-01-02,67.19999694824219
2013-01-03,66.8499984741211
2013-01-04,66.62999725341797
2013-01-07,66.6500015258789
2013-01-08,66.5199966430664
2013-01-09,66.7699966430664
2013-01-10,67.16999816894531
2013-01-11,67.26000213623047
2013-01-14,66.95999908447266
2013-01-15,66.62999725341797
2013-01-16,66.9000015258789
2013-01-17,67.22000122070312
2013-01-18,67.06999969482422
2013-01-22,67.18000030517578
2013-01-23,67.58999633789062
2013-01-24,66.66000366210938
2013-01-25,67.0
2013-01-28,67.1500015258789
2013-01-29,67.16000366210938
2013-01-30,67.0199966430664
2013-01-31,66.87000274658203
2013-02-01,67.66000366210938
2013-02-04,66.4800033569336
2013-02-05,67.45999908447266
2013-02-06,67.23999786376953
2013-02-07,67.30000305175781
2013-02-08,67.98999786376953
2013-02-11,68.01000213623047
2013-02-12,67.7300033569336
2013-02-13,67.97000122070312
2013-02-14,67.94999694824219
2013-02-15,67.75
2013-02-19,68.23999786376953
2013-02-20,67.19000244140625
2013-02-21,66.47000122070312
2013-02-22,67.13999938964844
2013-02-25,66.30999755859375
2013-02-26,66.55999755859375
2013-02-27,67.23999786376953
2013-02-28,67.0999984741211
2013-03-01,67.37999725341797
2013-03-04,67.68000030517578
2013-03-05,68.68000030517578
2013-03-06,68.51000213623047
2013-03-07,68.69000244140625
2013-03-08,68.7699966430664
2013-03-11,68.97000122070312
2013-03-12,68.72000122070312
2013-03-13,68.62999725341797
2013-03-14,68.86000061035156
2013-03-15,68.51000213623047
2013-03-18,68.36000061035156
2013-03-19,68.2300033569336
2013-03-20,68.70999908447266
2013-03-21,67.93000030517578
2013-03-22,68.58999633789062
2013-03-25,68.33999633789062
2013-03-26,68.70999908447266
2013-03-27,68.80000305175781
2013-03-28,68.97000122070312
2013-04-01,68.5
2013-04-02,69.04000091552734
2013-04-03,68.41000366210938
2013-04-04,68.43000030517578
2013-04-05,67.86000061035156
2013-04-08,68.22000122070312
2013-04-09,68.68000030517578
2013-04-10,70.0199966430664
2013-04-11,69.98999786376953
2013-04-12,69.94000244140625
2013-04-15,68.55999755859375
2013-04-16,69.47000122070312
2013-04-17,68.11000061035156
2013-04-18,67.16999816894531
2013-04-19,68.08999633789062
2013-04-22,68.79000091552734
2013-04-23,69.44999694824219
2013-04-24,69.41999816894531
2013-04-25,69.79000091552734
2013-04-26,69.56999969482422
2013-04-29,70.20999908447266
2013-04-30,70.72000122070312
2013-05-01,70.38999938964844
2013-05-02,71.27999877929688
2013-05-03,72.12000274658203
2013-05-06,72.4000015258789
2013-05-07,72.36000061035156
2013-05-08,72.70999908447266
2013-05-09,72.61000061035156
2013-05-10,73.05000305175781
2013-05-13,73.13999938964844
2013-05-14,73.5199966430664
2013-05-15,73.66999816894531
2013-05-16,73.58999633789062
2013-05-17,74.30000305175781
2013-05-20,74.19000244140625
2013-05-21,74.2699966430664
2013-05-22,73.62000274658203
2013-05-23,73.44999694824219
2013-05-24,73.41000366210938
2013-05-28,73.88999938964844
2013-05-29,73.54000091552734
2013-05-30,73.93000030517578
2013-05-31,73.25
2013-06-03,73.37999725341797
2013-06-04,73.0
2013-06-05,72.05000305175781
2013-06-06,72.4000015258789
2013-06-07,73.38999938964844
2013-06-10,73.41999816894531
2013-06-11,72.69000244140625
2013-06-12,71.8499984741211
2013-06-13,72.76000213623047
2013-06-14,72.27999877929688
2013-06-17,72.9800033569336
2013-06-18,73.58000183105469
2013-06-19,72.76000213623047
2013-06-20,71.02999877929688
2013-06-21,70.43000030517578
2013-06-24,69.7300033569336
2013-06-25,70.23999786376953
2013-06-26,70.87000274658203
2013-06-27,71.16999816894531
2013-06-28,71.2699966430664
2013-07-01,71.70999908447266
2013-07-02,71.73999786376953
2013-07-03,72.02999877929688
2013-07-05,72.58000183105469
2013-07-08,72.6500015258789
2013-07-09,73.08999633789062
2013-07-10,73.51000213623047
2013-07-11,74.97000122070312
2013-07-12,75.30000305175781
2013-07-15,75.47000122070312
2013-07-16,75.37000274658203
2013-07-17,75.55999755859375
2013-07-18,75.37000274658203
2013-07-19,74.58999633789062
2013-07-22,74.80999755859375
2013-07-23,74.26000213623047
2013-07-24,74.5
2013-07-25,74.97000122070312
2013-07-26,75.37000274658203
2013-07-29,75.2300033569336
2013-07-30,75.62999725341797
2013-07-31,75.7699966430664
2013-08-01,76.54000091552734
2013-08-02,76.97000122070312
2013-08-05,77.0199966430664
2013-08-06,76.55999755859375
2013-08-07,76.41999816894531
2013-08-08,76.80000305175781
2013-08-09,76.48999786376953
2013-08-12,76.66999816894531
2013-08-13,77.0999984741211
2013-08-14,76.80999755859375
2013-08-15,75.51000213623047
2013-08-16,75.4800033569336
2013-08-19,75.3499984741211
2013-08-20,75.68000030517578
2013-08-21,75.41999816894531
2013-08-22,76.16000366210938
2013-08-23,76.66999816894531
2013-08-26,76.70999908447266
2013-08-27,75.13999938964844
2013-08-28,75.43000030517578
2013-08-29,75.95999908447266
2013-08-30,75.47000122070312
2013-09-03,75.9000015258789
2013-09-04,76.70999908447266
2013-09-05,76.83999633789062
2013-09-06,76.93000030517578
2013-09-09,77.83000183105469
2013-09-10,78.20999908447266
2013-09-11,78.05999755859375
2013-09-12,78.01000213623047
2013-09-13,78.05999755859375
2013-09-16,77.8499984741211
2013-09-17,78.37000274658203
2013-09-18,79.30999755859375
2013-09-19,79.5
2013-09-20,78.98999786376953
2013-09-23,78.83000183105469
2013-09-24,78.83000183105469
2013-09-25,78.55999755859375
2013-09-26,79.16999816894531
2013-09-27,79.06999969482422
2013-09-30,78.87999725341797
2013-10-01,79.68000030517578
2013-10-02,79.6500015258789
2013-10-03,78.72000122070312
2013-10-04,79.4000015258789
2013-10-07,78.73999786376953
2013-10-08,77.22000122070312
2013-10-09,76.9800033569336
2013-10-10,78.61000061035156
2013-10-11,79.2300033569336
2013-10-14,79.79000091552734
2013-10-15,79.4800033569336
2013-10-16,80.37999725341797
2013-10-17,80.83999633789062
2013-10-18,82.1500015258789
2013-10-21,82.33000183105469
2013-10-22,82.44999694824219
2013-10-23,81.94999694824219
2013-10-24,82.30999755859375
2013-10-25,82.9000015258789
2013-10-28,82.91999816894531
2013-10-29,83.05999755859375
2013-10-30,82.9800033569336
2013-10-31,82.79000091552734
2013-11-01,82.80999755859375
2013-11-04,82.93000030517578
2013-11-05,83.0199966430664
2013-11-06,83.0
2013-11-07,81.44000244140625
2013-11-08,82.54000091552734
2013-11-11,82.41000366210938
2013-11-12,82.54000091552734
2013-11-13,83.54000091552734
2013-11-14,83.80000305175781
2013-11-15,83.95999908447266
2013-11-18,83.13999938964844
2013-11-19,82.9000015258789
2013-11-20,82.69999694824219
2013-11-21,83.54000091552734
2013-11-22,83.98999786376953
2013-11-25,84.19000244140625
2013-11-26,84.62999725341797
2013-11-27,85.22000122070312
2013-11-29,85.7300033569336
2013-12-02,85.4800033569336
2013-12-03,85.41000366210938
2013-12-04,85.48999786376953
2013-12-05,85.37999725341797
2013-12-06,86.0
2013-12-09,86.3499984741211
2013-12-10,86.29000091552734
2013-12-11,85.18000030517578
2013-12-12,84.95999908447266
2013-12-13,84.8499984741211
2013-12-16,85.31999969482422
2013-12-17,85.1500015258789
2013-12-18,86.13999938964844
2013-12-19,85.9000015258789
2013-12-20,86.5
2013-12-23,87.41000366210938
2013-12-24,87.44999694824219
2013-12-26,87.73999786376953
2013-12-27,87.5199966430664
2013-12-30,87.38999938964844
2013-12-31,87.95999908447266
2014-01-02,87.2699966430664
2014-01-03,86.63999938964844
2014-01-06,86.31999969482422
2014-01-07,87.12000274658203
2014-01-08,87.30999755859375
2014-01-09,87.0199966430664
2014-01-10,87.30000305175781
2014-01-13,86.01000213623047
2014-01-14,87.6500015258789
2014-01-15,88.37000274658203
2014-01-16,88.37999725341797
2014-01-17,87.87999725341797
2014-01-21,88.55000305175781
2014-01-22,88.77999877929688
2014-01-23,88.4800033569336
2014-01-24,86.73999786376953
2014-01-27,85.9000015258789
2014-01-28,85.8499984741211
2014-01-29,84.93000030517578
2014-01-30,86.5
2014-01-31,86.2699966430664
2014-02-03,84.29000091552734
2014-02-04,84.91000366210938
2014-02-05,84.69000244140625
2014-02-06,85.7699966430664
2014-02-07,87.30000305175781
2014-02-10,87.80000305175781
2014-02-11,88.80000305175781
2014-02-12,88.97000122070312
2014-02-13,89.62999725341797
2014-02-14,89.80999755859375
2014-02-18,90.25
2014-02-19,89.62999725341797
2014-02-20,90.05000305175781
2014-02-21,89.93000030517578
2014-02-24,90.41000366210938
2014-02-25,90.30999755859375
2014-02-26,90.2300033569336
2014-02-27,90.44000244140625
2014-02-28,90.33999633789062
2014-03-03,89.66999816894531
2014-03-04,90.80999755859375
2014-03-05,91.05999755859375
2014-03-06,90.9800033569336
2014-03-07,90.52999877929688
2014-03-10,90.61000061035156
2014-03-11,90.22000122070312
2014-03-12,90.55999755859375
2014-03-13,89.27999877929688
2014-03-14,88.66999816894531
2014-03-17,89.44999694824219
2014-03-18,90.52999877929688
2014-03-19,90.04000091552734
2014-03-20,90.29000091552734
2014-03-21,89.0
2014-03-24,88.22000122070312
2014-03-25,88.51000213623047
2014-03-26,87.37000274658203
2014-03-27,86.87999725341797
2014-03-28,87.05000305175781
2014-03-31,87.66999816894531
2014-04-01,89.20999908447266
2014-04-02,89.44000244140625
2014-04-03,88.7300033569336
2014-04-04,86.37000274658203
2014-04-07,85.55000305175781
2014-04-08,86.33999633789062
2014-04-09,87.81999969482422
2014-04-10,85.0999984741211
2014-04-11,84.11000061035156
2014-04-14,84.7699966430664
2014-04-15,85.05000305175781
2014-04-16,86.18000030517578
2014-04-17,86.19999694824219
2014-04-21,86.83999633789062
2014-04-22,87.52999877929688
2014-04-23,86.76000213623047
2014-04-24,87.58999633789062
2014-04-25,86.19000244140625
2014-04-28,86.47000122070312
2014-04-29,87.16000366210938
2014-04-30,87.38999938964844
2014-05-01,87.6500015258789
2014-05-02,87.48999786376953
2014-05-05,87.94999694824219
2014-05-06,86.80999755859375
2014-05-07,86.55999755859375
2014-05-08,86.4800033569336
2014-05-09,86.80000305175781
2014-05-12,88.2300033569336
2014-05-13,88.29000091552734
2014-05-14,87.83000183105469
2014-05-15,87.13999938964844
2014-05-16,87.70999908447266
2014-05-19,88.31999969482422
2014-05-20,88.0
2014-05-21,88.83999633789062
2014-05-22,89.2300033569336
2014-05-23,89.87999725341797
2014-05-27,91.0
2014-05-28,90.72000122070312
2014-05-29,91.30000305175781
2014-05-30,91.30999755859375
2014-06-02,91.22000122070312
2014-06-03,91.18000030517578
2014-06-04,91.5199966430664
2014-06-05,92.29000091552734
2014-06-06,92.81999969482422
2014-06-09,92.75
2014-06-10,92.91000366210938
2014-06-11,92.88999938964844
2014-06-12,92.05000305175781
2014-06-13,92.31999969482422
2014-06-16,92.4000015258789
2014-06-17,92.44999694824219
2014-06-18,92.97000122070312
2014-06-19,92.91000366210938
2014-06-20,92.7699966430664
2014-06-23,92.79000091552734
2014-06-24,92.69999694824219
2014-06-25,93.29000091552734
2014-06-26,93.33999633789062
2014-06-27,93.75
2014-06-30,93.91000366210938
2014-07-01,94.94000244140625
2014-07-02,95.0999984741211
2014-07-03,95.69999694824219
2014-07-07,95.41000366210938
2014-07-08,94.26000213623047
2014-07-09,94.95999908447266
2014-07-10,94.66000366210938
2014-07-11,95.2699966430664
2014-07-14,95.83999633789062
2014-07-15,95.51000213623047
2014-07-16,95.88999938964844
2014-07-17,94.62000274658203
2014-07-18,96.12000274658203
2014-07-21,96.0
2014-07-22,96.61000061035156
2014-07-23,97.2300033569336
2014-07-24,97.12000274658203
2014-07-25,96.73999786376953
2014-07-28,96.7699966430664
2014-07-29,96.5999984741211
2014-07-30,96.9800033569336
2014-07-31,95.0199966430664
2014-08-01,94.66999816894531
2014-08-04,95.31999969482422
2014-08-05,94.58999633789062
2014-08-06,94.5199966430664
2014-08-07,94.22000122070312
2014-08-08,94.9000015258789
2014-08-11,95.45999908447266
2014-08-12,95.41999816894531
2014-08-13,96.43000030517578
2014-08-14,96.93000030517578
2014-08-15,97.4000015258789
2014-08-18,98.1500015258789
2014-08-19,98.69999694824219
2014-08-20,98.69999694824219
2014-08-21,98.9000015258789
2014-08-22,99.05000305175781
2014-08-25,99.4000015258789
2014-08-26,99.5
2014-08-27,99.5199966430664
2014-08-28,99.41000366210938
2014-08-29,99.77999877929688
2014-09-02,100.06999969482422
2014-09-03,99.4800033569336
2014-09-04,99.38999938964844
2014-09-05,99.88999938964844
2014-09-08,100.08000183105469
2014-09-09,99.25
2014-09-10,100.06999969482422
2014-09-11,99.98999786376953
2014-09-12,99.4800033569336
2014-09-15,98.5199966430664
2014-09-16,99.37999725341797
2014-09-17,99.52999877929688
2014-09-18,100.27999877929688
2014-09-19,99.9800033569336
2014-09-22,99.05000305175781
2014-09-23,98.77999877929688
2014-09-24,99.83999633789062
2014-09-25,97.73999786376953
2014-09-26,98.77999877929688
2014-09-29,98.6500015258789
2014-09-30,98.79000091552734
2014-10-01,97.20999908447266
2014-10-02,97.20999908447266
2014-10-03,98.16999816894531
2014-10-06,97.95999908447266
2014-10-07,96.56999969482422
2014-10-08,98.44999694824219
2014-10-09,96.86000061035156
2014-10-10,94.44000244140625
2014-10-13,92.95999908447266
2014-10-14,92.97000122070312
2014-10-15,92.37000274658203
2014-10-16,91.79000091552734
2014-10-17,93.0
2014-10-20,94.38999938964844
2014-10-21,96.87000274658203
2014-10-22,96.37000274658203
2014-10-23,97.81999969482422
2014-10-24,98.62000274658203
2014-10-27,98.69000244140625
2014-10-28,100.18000030517578
2014-10-29,99.80999755859375
2014-10-30,100.0199966430664
2014-10-31,101.4000015258789
2014-11-03,101.69999694824219
2014-11-04,101.36000061035156
2014-11-05,101.37000274658203
2014-11-06,101.69000244140625
2014-11-07,101.5999984741211
2014-11-10,101.95999908447266
2014-11-11,102.27999877929688
2014-11-12,102.45999908447266
2014-11-13,102.9000015258789
2014-11-14,103.22000122070312
2014-11-17,102.91000366210938
2014-11-18,103.68000030517578
2014-11-19,103.20999908447266
2014-11-20,103.66999816894531
2014-11-21,103.87000274658203
2014-11-24,104.68000030517578
2014-11-25,104.83999633789062
2014-11-26,105.5199966430664
2014-11-28,106.01000213623047
2014-12-01,104.80999755859375
2014-12-02,105.2300033569336
2014-12-03,105.41999816894531
2014-12-04,105.37000274658203
2014-12-05,105.37999725341797
2014-12-08,104.62999725341797
2014-12-09,104.95999908447266
2014-12-10,103.30999755859375
2014-12-11,103.80000305175781
2014-12-12,102.66999816894531
2014-12-15,101.61000061035156
2014-12-16,99.9800033569336
2014-12-17,101.80000305175781
2014-12-18,104.25
2014-12-19,104.31999969482422
2014-12-22,104.58000183105469
2014-12-23,104.20999908447266
2014-12-24,104.30000305175781
2014-12-26,105.04000091552734
2014-12-29,105.0199966430664
2014-12-30,104.31999969482422
2014-12-31,103.25
2015-01-02,102.94000244140625
2015-01-05,101.43000030517578
2015-01-06,100.06999969482422
2015-01-07,101.36000061035156
2015-01-08,103.30000305175781
2015-01-09,102.62000274658203
2015-01-12,101.55000305175781
2015-01-13,101.5199966430664
2015-01-14,100.95999908447266
2015-01-15,99.6500015258789
2015-01-16,100.81999969482422
2015-01-20,101.62000274658203
2015-01-21,102.13999938964844
2015-01-22,104.02999877929688
2015-01-23,104.26000213623047
2015-01-26,104.13999938964844
2015-01-27,101.44000244140625
2015-01-28,100.91999816894531
2015-01-29,101.88999938964844
2015-01-30,101.0999984741211
2015-02-02,101.9800033569336
2015-02-03,102.95999908447266
2015-02-04,102.87000274658203
2015-02-05,103.76000213623047
2015-02-06,103.12999725341797
2015-02-09,102.80000305175781
2015-02-10,104.4000015258789
2015-02-11,104.77999877929688
2015-02-12,106.0
2015-02-13,106.91000366210938
2015-02-17,107.01000213623047
2015-02-18,107.16000366210938
2015-02-19,107.69000244140625
2015-02-20,108.41000366210938
2015-02-23,108.5199966430664
2015-02-24,108.5999984741211
2015-02-25,108.33000183105469
2015-02-26,108.87999725341797
2015-02-27,108.4000015258789
2015-03-02,109.37999725341797
2015-03-03,108.87000274658203
2015-03-04,108.44999694824219
2015-03-05,108.63999938964844
2015-03-06,107.41000366210938
2015-03-09,107.72000122070312
2015-03-10,105.72000122070312
2015-03-11,105.11000061035156
2015-03-12,105.80000305175781
2015-03-13,105.33999633789062
2015-03-16,106.69999694824219
2015-03-17,106.87000274658203
2015-03-18,107.91999816894531
2015-03-19,108.08000183105469
2015-03-20,108.52999877929688
2015-03-23,108.31999969482422
2015-03-24,107.93000030517578
2015-03-25,105.45999908447266
2015-03-26,105.0999984741211
2015-03-27,105.5199966430664
2015-03-30,106.7300033569336
2015-03-31,105.5999984741211
2015-04-01,105.05000305175781
2015-04-02,105.12000274658203
2015-04-06,105.9800033569336
2015-04-07,105.80000305175781
2015-04-08,106.63999938964844
2015-04-09,107.30999755859375
2015-04-10,107.75
2015-04-13,107.4800033569336
2015-04-14,107.16999816894531
2015-04-15,107.83999633789062
2015-04-16,107.69000244140625
2015-04-17,106.01000213623047
2015-04-20,107.5999984741211
2015-04-21,108.05999755859375
2015-04-22,108.6500015258789
2015-04-23,109.05999755859375
2015-04-24,110.54000091552734
2015-04-27,110.26000213623047
2015-04-28,110.04000091552734
2015-04-29,109.3499984741211
2015-04-30,107.62999725341797
2015-05-01,109.05000305175781
2015-05-04,109.2300033569336
2015-05-05,107.44999694824219
2015-05-06,106.70999908447266
2015-05-07,107.3499984741211
2015-05-08,108.69000244140625
2015-05-11,108.2699966430664
2015-05-12,107.77999877929688
2015-05-13,108.0
2015-05-14,109.58000183105469
2015-05-15,109.58000183105469
2015-05-18,110.05999755859375
2015-05-19,109.94000244140625
2015-05-20,110.01000213623047
2015-05-21,110.58000183105469
2015-05-22,110.47000122070312
2015-05-26,109.19999694824219
2015-05-27,110.95999908447266
2015-05-28,110.70999908447266
2015-05-29,110.05000305175781
2015-06-01,110.41999816894531
2015-06-02,110.06999969482422
2015-06-03,110.4000015258789
2015-06-04,109.55999755859375
2015-06-05,109.30000305175781
2015-06-08,108.19000244140625
2015-06-09,108.01000213623047
2015-06-10,109.48999786376953
2015-06-11,109.6500015258789
2015-06-12,108.75
2015-06-15,108.20999908447266
2015-06-16,108.80000305175781
2015-06-17,109.0999984741211
2015-06-18,110.69000244140625
2015-06-19,109.88999938964844
2015-06-22,110.69999694824219
2015-06-23,110.79000091552734
2015-06-24,110.22000122070312
2015-06-25,110.0
2015-06-26,109.2699966430664
2015-06-29,106.69000244140625
2015-06-30,107.06999969482422
2015-07-01,107.91999816894531
2015-07-02,107.94999694824219
2015-07-06,107.69999694824219
2015-07-07,107.97000122070312
2015-07-08,106.08999633789062
2015-07-09,106.02999877929688
2015-07-10,107.6500015258789
2015-07-13,109.54000091552734
2015-07-14,110.26000213623047
2015-07-15,110.37999725341797
2015-07-16,111.94000244140625
2015-07-17,113.58999633789062
2015-07-20,113.9800033569336
2015-07-21,113.91000366210938
2015-07-22,112.62000274658203
2015-07-23,112.19999694824219
2015-07-24,111.0999984741211
2015-07-27,110.18000030517578
2015-07-28,111.12999725341797
2015-07-29,111.55000305175781
2015-07-30,112.08000183105469
2015-07-31,111.94999694824219
2015-08-03,111.5999984741211
2015-08-04,111.38999938964844
2015-08-05,112.25
2015-08-06,110.44999694824219
2015-08-07,110.30999755859375
2015-08-10,111.56999969482422
2015-08-11,110.13999938964844
2015-08-12,110.5199966430664
2015-08-13,110.33999633789062
2015-08-14,110.51000213623047
2015-08-17,111.43000030517578
2015-08-18,110.86000061035156
2015-08-19,110.12999725341797
2015-08-20,107.08000183105469
2015-08-21,102.4000015258789
2015-08-24,98.45999908447266
2015-08-25,98.08999633789062
2015-08-26,103.02999877929688
2015-08-27,105.63999938964844
2015-08-28,105.62000274658203
2015-08-31,104.30999755859375
2015-09-01,101.05000305175781
2015-09-02,103.9000015258789
2015-09-03,103.38999938964844
2015-09-04,102.16000366210938
2015-09-08,105.04000091552734
2015-09-09,103.86000061035156
2015-09-10,104.98999786376953
2015-09-11,105.56999969482422
2015-09-14,105.25
2015-09-15,106.48999786376953
2015-09-16,107.08999633789062
2015-09-17,107.12999725341797
2015-09-18,105.3499984741211
2015-09-21,105.68000030517578
2015-09-22,104.0999984741211
2015-09-23,104.18000030517578
2015-09-24,103.80000305175781
2015-09-25,102.91999816894531
2015-09-28,99.98999786376953
2015-09-29,99.47000122070312
2015-09-30,101.76000213623047
2015-10-01,102.22000122070312
2015-10-02,104.01000213623047
2015-10-05,105.5
2015-10-06,105.0
2015-10-07,105.62999725341797
2015-10-08,106.05000305175781
2015-10-09,106.52999877929688
2015-10-12,106.79000091552734
2015-10-13,106.0999984741211
2015-10-14,105.93000030517578
2015-10-15,107.66999816894531
2015-10-16,108.12000274658203
2015-10-19,108.73999786376953
2015-10-20,108.18000030517578
2015-10-21,107.5199966430664
2015-10-22,109.70999908447266
2015-10-23,112.77999877929688
2015-10-26,112.8499984741211
2015-10-27,113.08000183105469
2015-10-28,114.0199966430664
2015-10-29,113.83999633789062
2015-10-30,113.33000183105469
2015-11-02,114.61000061035156
2015-11-03,115.01000213623047
2015-11-04,115.0199966430664
2015-11-05,114.70999908447266
2015-11-06,114.79000091552734
2015-11-09,113.56999969482422
2015-11-10,113.27999877929688
2015-11-11,113.13999938964844
2015-11-12,112.04000091552734
2015-11-13,109.83999633789062
2015-11-16,111.41999816894531
2015-11-17,111.48999786376953
2015-11-18,113.62999725341797
2015-11-19,113.70999908447266
2015-11-20,114.4800033569336
2015-11-23,114.1500015258789
2015-11-24,114.05000305175781
2015-11-25,114.1500015258789
2015-11-27,114.30999755859375
2015-11-30,114.0199966430664
2015-12-01,115.16000366210938
2015-12-02,114.44999694824219
2015-12-03,112.51000213623047
2015-12-04,115.13999938964844
2015-12-07,114.62000274658203
2015-12-08,114.62999725341797
2015-12-09,112.88999938964844
2015-12-10,113.4000015258789
2015-12-11,110.79000091552734
2015-12-14,111.62999725341797
2015-12-15,112.30999755859375
2015-12-16,113.9800033569336
2015-12-17,112.31999969482422
2015-12-18,109.83000183105469
2015-12-21,111.05000305175781
2015-12-22,111.77999877929688
2015-12-23,112.61000061035156
2015-12-24,112.58999633789062
2015-12-28,112.52999877929688
2015-12-29,114.30000305175781
2015-12-30,113.2699966430664
2015-12-31,111.86000061035156
2016-01-04,109.5
2016-01-05,109.30999755859375
2016-01-06,108.26000213623047
2016-01-07,104.87000274658203
2016-01-08,104.01000213623047
2016-01-11,104.33000183105469
2016-01-12,105.54000091552734
2016-01-13,101.9000015258789
2016-01-14,104.06999969482422
2016-01-15,100.83999633789062
2016-01-19,101.05999755859375
2016-01-20,100.75
2016-01-21,100.8499984741211
2016-01-22,103.7699966430664
2016-01-25,102.2300033569336
2016-01-26,103.1500015258789
2016-01-27,100.58000183105469
2016-01-28,102.0
2016-01-29,104.12999725341797
2016-02-01,104.41000366210938
2016-02-02,102.1500015258789
2016-02-03,101.66000366210938
2016-02-04,101.6500015258789
2016-02-05,98.12000274658203
2016-02-08,96.62000274658203
2016-02-09,96.31999969482422
2016-02-10,96.69000244140625
2016-02-11,96.55000305175781
2016-02-12,98.0199966430664
2016-02-16,100.2300033569336
2016-02-17,102.5
2016-02-18,101.33000183105469
2016-02-19,101.62999725341797
2016-02-22,103.27999877929688
2016-02-23,101.58000183105469
2016-02-24,102.55000305175781
2016-02-25,103.55999755859375
2016-02-26,103.43000030517578
2016-02-29,102.5
2016-03-01,105.79000091552734
2016-03-02,105.83000183105469
2016-03-03,105.62999725341797
2016-03-04,105.66999816894531
2016-03-07,105.0199966430664
2016-03-08,104.1500015258789
2016-03-09,104.81999969482422
2016-03-10,104.66000366210938
2016-03-11,106.48999786376953
2016-03-14,106.66999816894531
2016-03-15,106.62999725341797
2016-03-16,107.58000183105469
2016-03-17,107.5199966430664
2016-03-18,107.37000274658203
2016-03-21,107.79000091552734
2016-03-22,108.12000274658203
2016-03-23,107.2300033569336
2016-03-24,107.26000213623047
2016-03-28,107.11000061035156
2016-03-29,108.83000183105469
2016-03-30,109.36000061035156
2016-03-31,109.19999694824219
2016-04-01,110.36000061035156
2016-04-04,109.94000244140625
2016-04-05,108.87999725341797
2016-04-06,110.66999816894531
2016-04-07,109.08000183105469
2016-04-08,109.0
2016-04-11,108.5999984741211
2016-04-12,109.51000213623047
2016-04-13,110.91000366210938
2016-04-14,110.91999816894531
2016-04-15,110.63999938964844
2016-04-18,111.2300033569336
2016-04-19,110.55000305175781
2016-04-20,110.63999938964844
2016-04-21,110.6500015258789
2016-04-22,108.9800033569336
2016-04-25,108.9800033569336
2016-04-26,108.44999694824219
2016-04-27,107.58000183105469
2016-04-28,106.27999877929688
2016-04-29,105.72000122070312
2016-05-02,106.72000122070312
2016-05-03,105.7300033569336
2016-05-04,105.05000305175781
2016-05-05,105.0199966430664
2016-05-06,105.58000183105469
2016-05-09,105.87999725341797
2016-05-10,107.33000183105469
2016-05-11,106.36000061035156
2016-05-12,105.88999938964844
2016-05-13,105.5
2016-05-16,106.81999969482422
2016-05-17,105.4800033569336
2016-05-18,105.86000061035156
2016-05-19,105.30999755859375
2016-05-20,106.47000122070312
2016-05-23,106.33000183105469
2016-05-24,108.45999908447266
2016-05-25,109.23999786376953
2016-05-26,109.55999755859375
2016-05-27,110.12999725341797
2016-05-31,110.33999633789062
2016-06-01,110.3499984741211
2016-06-02,110.58000183105469
2016-06-03,110.05999755859375
2016-06-06,110.45999908447266
2016-06-07,110.18000030517578
2016-06-08,110.37000274658203
2016-06-09,110.19000244140625
2016-06-10,108.94000244140625
2016-06-13,108.02999877929688
2016-06-14,108.02999877929688
2016-06-15,107.72000122070312
2016-06-16,108.04000091552734
2016-06-17,106.48999786376953
2016-06-20,107.16000366210938
2016-06-21,107.5
2016-06-22,107.23999786376953
2016-06-23,108.7699966430664
2016-06-24,104.29000091552734
2016-06-27,102.22000122070312
2016-06-28,104.45999908447266
2016-06-29,106.30999755859375
2016-06-30,107.54000091552734
2016-07-01,108.08000183105469
2016-07-05,107.41999816894531
2016-07-06,108.30000305175781
2016-07-07,108.62000274658203
2016-07-08,110.30000305175781
2016-07-11,110.93000030517578
2016-07-12,111.48999786376953
2016-07-13,111.22000122070312
2016-07-14,111.9800033569336
2016-07-15,111.80000305175781
2016-07-18,112.54000091552734
2016-07-19,112.12999725341797
2016-07-20,113.44000244140625
2016-07-21,113.18000030517578
2016-07-22,113.6500015258789
2016-07-25,113.66000366210938
2016-07-26,113.79000091552734
2016-07-27,114.58000183105469
2016-07-28,114.9800033569336
2016-07-29,115.2300033569336
2016-08-01,115.83999633789062
2016-08-02,114.95999908447266
2016-08-03,115.33999633789062
2016-08-04,115.66999816894531
2016-08-05,116.77999877929688
2016-08-08,116.6500015258789
2016-08-09,116.91999816894531
2016-08-10,116.62000274658203
2016-08-11,117.12000274658203
2016-08-12,117.19999694824219
2016-08-15,117.69999694824219
2016-08-16,117.05000305175781
2016-08-17,117.26000213623047
2016-08-18,117.29000091552734
2016-08-19,117.26000213623047
2016-08-22,117.3499984741211
2016-08-23,117.55999755859375
2016-08-24,116.80000305175781
2016-08-25,116.61000061035156
2016-08-26,116.77999877929688
2016-08-29,116.94000244140625
2016-08-30,116.55999755859375
2016-08-31,116.44000244140625
2016-09-01,116.73999786376953
2016-09-02,117.12000274658203
2016-09-06,117.8499984741211
2016-09-07,117.91999816894531
2016-09-08,117.2300033569336
2016-09-09,114.27999877929688
2016-09-12,116.33000183105469
2016-09-13,115.29000091552734
2016-09-14,115.83999633789062
2016-09-15,117.63999938964844
2016-09-16,117.29000091552734
2016-09-19,116.77999877929688
2016-09-20,117.0
2016-09-21,118.1500015258789
2016-09-22,119.08999633789062
2016-09-23,118.33000183105469
2016-09-26,117.33999633789062
2016-09-27,118.5
2016-09-28,118.69999694824219
2016-09-29,117.83999633789062
2016-09-30,118.72000122070312
2016-10-03,118.55000305175781
2016-10-04,118.37000274658203
2016-10-05,118.79000091552734
2016-10-06,118.7300033569336
2016-10-07,118.47000122070312
2016-10-10,119.22000122070312
2016-10-11,117.5199966430664
2016-10-12,117.41999816894531
2016-10-13,117.0
2016-10-14,117.13999938964844
2016-10-17,116.81999969482422
2016-10-18,117.86000061035156
2016-10-19,117.8499984741211
2016-10-20,117.70999908447266
2016-10-21,118.1500015258789
2016-10-24,119.56999969482422
2016-10-25,119.19000244140625
2016-10-26,118.37999725341797
2016-10-27,117.83999633789062
2016-10-28,117.0999984741211
2016-10-31,116.98999786376953
2016-11-01,116.11000061035156
2016-11-02,115.18000030517578
2016-11-03,114.05000305175781
2016-11-04,113.6500015258789
2016-11-07,116.3499984741211
2016-11-08,117.11000061035156
2016-11-09,117.6500015258789
2016-11-10,115.75
2016-11-11,115.80000305175781
2016-11-14,114.62999725341797
2016-11-15,116.22000122070312
2016-11-16,116.91000366210938
2016-11-17,117.76000213623047
2016-11-18,117.31999969482422
2016-11-21,118.54000091552734
2016-11-22,118.9000015258789
2016-11-23,118.41999816894531
2016-11-25,118.80000305175781
2016-11-28,118.52999877929688
2016-11-29,118.94000244140625
2016-11-30,117.5
2016-12-01,115.47000122070312
2016-12-02,115.69999694824219
2016-12-05,116.5999984741211
2016-12-06,116.87999725341797
2016-12-07,118.36000061035156
2016-12-08,118.56999969482422
2016-12-09,119.5
2016-12-12,118.95999908447266
2016-12-13,120.45999908447266
2016-12-14,120.20999908447266
2016-12-15,120.4000015258789
2016-12-16,119.5999984741211
2016-12-19,120.08999633789062
2016-12-20,120.55000305175781
2016-12-21,120.45999908447266
2016-12-22,120.12000274658203
2016-12-23,120.19999694824219
2016-12-27,120.81999969482422
2016-12-28,119.87999725341797
2016-12-29,119.70999908447266
2016-12-30,118.4800033569336
2017-01-03,119.54000091552734
2017-01-04,120.19000244140625
2017-01-05,120.87000274658203
2017-01-06,121.93000030517578
2017-01-09,122.33000183105469
2017-01-10,122.5999984741211
2017-01-11,122.93000030517578
2017-01-12,122.73999786376953
2017-01-13,123.16000366210938
2017-01-17,122.79000091552734
2017-01-18,123.04000091552734
2017-01-19,122.9800033569336
2017-01-20,123.25
2017-01-23,123.3499984741211
2017-01-24,124.18000030517578
2017-01-25,125.43000030517578
2017-01-26,125.55999755859375
2017-01-27,125.80000305175781
2017-01-30,124.81999969482422
2017-01-31,124.56999969482422
2017-02-01,125.43000030517578
2017-02-02,125.31999969482422
2017-02-03,125.68000030517578
2017-02-06,125.83000183105469
2017-02-07,126.29000091552734
2017-02-08,126.5
2017-02-09,126.95999908447266
2017-02-10,127.37999725341797
2017-02-13,128.10000610351562
2017-02-14,128.52999877929688
2017-02-15,129.2899932861328
2017-02-16,129.25
2017-02-17,129.80999755859375
2017-02-21,130.4499969482422
2017-02-22,130.5
2017-02-23,130.00999450683594
2017-02-24,130.25999450683594
2017-02-27,130.4199981689453
2017-02-28,130.02000427246094
2017-03-01,131.44000244140625
2017-03-02,130.77999877929688
2017-03-03,131.02000427246094
2017-03-06,130.72999572753906
2017-03-07,130.50999450683594
2017-03-08,130.74000549316406
2017-03-09,130.83999633789062
2017-03-10,131.38999938964844
2017-03-13,131.61000061035156
2017-03-14,131.2899932861328
2017-03-15,132.10000610351562
2017-03-16,132.00999450683594
2017-03-17,131.69000244140625
2017-03-20,131.80999755859375
2017-03-21,129.80999755859375
2017-03-22,130.69000244140625
2017-03-23,130.36000061035156
2017-03-24,130.6300048828125
2017-03-27,130.83999633789062
2017-03-28,131.63999938964844
2017-03-29,132.25
2017-03-30,132.47000122070312
2017-03-31,132.3800048828125
2017-04-03,132.3000030517578
2017-04-04,132.50999450683594
2017-04-05,131.97000122070312
2017-04-06,132.0399932861328
2017-04-07,131.97000122070312
2017-04-10,132.02000427246094
2017-04-11,131.4499969482422
2017-04-12,130.9199981689453
2017-04-13,130.39999389648438
2017-04-17,131.47999572753906
2017-04-18,131.27999877929688
2017-04-19,131.49000549316406
2017-04-20,132.58999633789062
2017-04-21,132.55999755859375
2017-04-24,134.16000366210938
2017-04-25,135.1300048828125
2017-04-26,134.94000244140625
2017-04-27,135.75
2017-04-28,135.99000549316406
2017-05-01,137.1999969482422
2017-05-02,137.42999267578125
2017-05-03,136.99000549316406
2017-05-04,137.0399932861328
2017-05-05,137.5399932861328
2017-05-08,137.83999633789062
2017-05-09,138.32000732421875
2017-05-10,138.39999389648438
2017-05-11,138.2899932861328
2017-05-12,138.60000610351562
2017-05-15,139.0399932861328
2017-05-16,139.6199951171875
2017-05-17,136.07000732421875
2017-05-18,137.25999450683594
2017-05-19,137.83999633789062
2017-05-22,139.0
2017-05-23,139.13999938964844
2017-05-24,139.77999877929688
2017-05-25,140.97000122070312
2017-05-26,141.22000122070312
2017-05-30,141.33999633789062
2017-05-31,141.2899932861328
2017-06-01,141.83999633789062
2017-06-02,143.4600067138672
2017-06-05,143.42999267578125
2017-06-06,142.86000061035156
2017-06-07,143.4199981689453
2017-06-08,143.57000732421875
2017-06-09,139.97999572753906
2017-06-12,139.22999572753906
2017-06-13,140.36000061035156
2017-06-14,139.75
2017-06-15,139.1300048828125
2017-06-16,138.14999389648438
2017-06-19,140.4600067138672
2017-06-20,139.36000061035156
2017-06-21,140.74000549316406
2017-06-22,140.6999969482422
2017-06-23,141.24000549316406
2017-06-26,140.5800018310547
2017-06-27,138.02999877929688
2017-06-28,140.02000427246094
2017-06-29,137.58999633789062
2017-06-30,137.63999938964844
2017-07-03,136.19000244140625
2017-07-05,137.52999877929688
2017-07-06,136.2899932861328
2017-07-07,137.75999450683594
2017-07-10,138.66000366210938
2017-07-11,139.0500030517578
2017-07-12,140.6999969482422
2017-07-13,141.00999450683594
2017-07-14,142.1199951171875
2017-07-17,142.19000244140625
2017-07-18,143.13999938964844
2017-07-19,143.97999572753906
2017-07-20,144.1699981689453
2017-07-21,144.11000061035156
2017-07-24,144.77000427246094
2017-07-25,144.39999389648438
2017-07-26,144.8699951171875
2017-07-27,143.9600067138672
2017-07-28,143.83999633789062
2017-07-31,143.22999572753906
2017-08-01,143.55999755859375
2017-08-02,143.9499969482422
2017-08-03,143.38999938964844
2017-08-04,143.64999389648438
2017-08-07,144.55999755859375
2017-08-08,144.30999755859375
2017-08-09,144.1199951171875
2017-08-10,141.02999877929688
2017-08-11,142.10000610351562
2017-08-14,143.92999267578125
2017-08-15,144.02999877929688
2017-08-16,144.27999877929688
2017-08-17,141.3300018310547
2017-08-18,141.22999572753906
2017-08-21,141.0500030517578
2017-08-22,143.1999969482422
2017-08-23,142.69000244140625
2017-08-24,142.27000427246094
2017-08-25,141.97000122070312
2017-08-28,142.41000366210938
2017-08-29,142.97000122070312
2017-08-30,144.64999389648438
2017-08-31,146.1999969482422
2017-09-01,146.0
2017-09-05,144.69000244140625
2017-09-06,145.1300048828125
2017-09-07,145.47000122070312
2017-09-08,144.2100067138672
2017-09-11,145.8699951171875
2017-09-12,146.22000122070312
2017-09-13,146.4199981689453
2017-09-14,145.55999755859375
2017-09-15,146.05999755859375
2017-09-18,145.5500030517578
2017-09-19,145.8000030517578
2017-09-20,145.35000610351562
2017-09-21,144.4600067138672
2017-09-22,144.32000732421875
2017-09-25,142.8000030517578
2017-09-26,143.1699981689453
2017-09-27,144.4600067138672
2017-09-28,144.41000366210938
2017-09-29,145.4499969482422
2017-10-02,145.5800018310547
2017-10-03,145.88999938964844
2017-10-04,146.02999877929688
2017-10-05,147.4600067138672
2017-10-06,147.66000366210938
2017-10-09,147.49000549316406
2017-10-10,147.60000610351562
2017-10-11,148.0399932861328
2017-10-12,147.77000427246094
2017-10-13,148.33999633789062
2017-10-16,148.85000610351562
2017-10-17,149.0399932861328
2017-10-18,148.86000061035156
2017-10-19,148.30999755859375
2017-10-20,148.7100067138672
2017-10-23,147.74000549316406
2017-10-24,147.99000549316406
2017-10-25,147.42999267578125
2017-10-26,146.9600067138672
2017-10-27,151.24000549316406
2017-10-30,151.5800018310547
2017-10-31,152.14999389648438
2017-11-01,152.10000610351562
2017-11-02,151.80999755859375
2017-11-03,153.27000427246094
2017-11-06,153.7899932861328
2017-11-07,153.8800048828125
2017-11-08,154.5
2017-11-09,153.69000244140625
2017-11-10,153.67999267578125
2017-11-13,153.8699951171875
2017-11-14,153.30999755859375
2017-11-15,152.58999633789062
2017-11-16,154.5399932861328
2017-11-17,153.9499969482422
2017-11-20,153.8300018310547
2017-11-21,155.5
2017-11-22,155.69000244140625
2017-11-24,156.25999450683594
2017-11-27,156.19000244140625
2017-11-28,156.58999633789062
2017-11-29,153.86000061035156
2017-11-30,155.14999389648438
2017-12-01,154.49000549316406
2017-12-04,152.7100067138672
2017-12-05,152.80999755859375
2017-12-06,153.5
2017-12-07,154.02000427246094
2017-12-08,154.6999969482422
2017-12-11,155.89999389648438
2017-12-12,155.69000244140625
2017-12-13,155.99000549316406
2017-12-14,155.8800048828125
2017-12-15,157.64999389648438
2017-12-18,158.63999938964844
2017-12-19,157.6999969482422
2017-12-20,157.52999877929688
2017-12-21,157.5500030517578
2017-12-22,157.3699951171875
2017-12-26,156.52000427246094
2017-12-27,156.5399932861328
2017-12-28,156.72999572753906
2017-12-29,155.75999450683594
2018-01-02,158.49000549316406
2018-01-03,160.02999877929688
2018-01-04,160.30999755859375
2018-01-05,161.9199981689453
2018-01-08,162.5500030517578
2018-01-09,162.55999755859375
2018-01-10,162.17999267578125
2018-01-11,163.2899932861328
2018-01-12,164.49000549316406
2018-01-16,164.02000427246094
2018-01-17,165.7899932861328
2018-01-18,165.82000732421875
2018-01-19,166.33999633789062
2018-01-22,168.1199951171875
2018-01-23,169.50999450683594
2018-01-24,168.41000366210938
2018-01-25,168.35000610351562
2018-01-26,170.92999267578125
2018-01-29,170.10000610351562
2018-01-30,168.6999969482422
2018-01-31,169.39999389648438
2018-02-01,167.9600067138672
2018-02-02,164.61000061035156
2018-02-05,158.1199951171875
2018-02-06,162.30999755859375
2018-02-07,160.2100067138672
2018-02-08,153.4499969482422
2018-02-09,156.10000610351562
2018-02-12,158.8699951171875
2018-02-13,159.69000244140625
2018-02-14,162.67999267578125
2018-02-15,165.6999969482422
2018-02-16,164.9600067138672
2018-02-20,165.2899932861328
2018-02-21,164.82000732421875
2018-02-22,164.8000030517578
2018-02-23,168.1699981689453
2018-02-26,170.39999389648438
2018-02-27,168.2899932861328
2018-02-28,167.2100067138672
2018-03-01,164.47999572753906
2018-03-02,165.99000549316406
2018-03-05,167.8300018310547
2018-03-06,168.5399932861328
2018-03-07,168.92999267578125
2018-03-08,169.86000061035156
2018-03-09,173.16000366210938
2018-03-12,174.0800018310547
2018-03-13,171.7100067138672
2018-03-14,171.67999267578125
2018-03-15,171.52999877929688
2018-03-16,171.02000427246094
2018-03-19,167.10000610351562
2018-03-20,167.64999389648438
2018-03-21,166.9199981689453
2018-03-22,162.8000030517578
2018-03-23,158.50999450683594
2018-03-26,164.39999389648438
2018-03-27,159.0800018310547
2018-03-28,157.25
2018-03-29,160.1300048828125
2018-04-02,155.50999450683594
2018-04-03,157.25999450683594
2018-04-04,159.74000549316406
2018-04-05,160.64999389648438
2018-04-06,156.6300048828125
2018-04-09,157.72999572753906
2018-04-10,161.2100067138672
2018-04-11,160.27999877929688
2018-04-12,162.2100067138672
2018-04-13,161.3699951171875
2018-04-16,162.60000610351562
2018-04-17,166.10000610351562
2018-04-18,166.44000244140625
2018-04-19,164.91000366210938
2018-04-20,162.3000030517578
2018-04-23,161.88999938964844
2018-04-24,158.4600067138672
2018-04-25,158.64999389648438
2018-04-26,161.99000549316406
2018-04-27,162.08999633789062
2018-04-30,160.94000244140625
2018-05-01,162.77999877929688
2018-05-02,161.82000732421875
2018-05-03,161.8000030517578
2018-05-04,164.8699951171875
2018-05-07,166.24000549316406
2018-05-08,166.07000732421875
2018-05-09,167.8800048828125
2018-05-10,169.6199951171875
2018-05-11,169.4600067138672
2018-05-14,169.75
2018-05-15,167.8699951171875
2018-05-16,168.97999572753906
2018-05-17,168.3300018310547
2018-05-18,167.4600067138672
2018-05-21,168.39999389648438
2018-05-22,168.17999267578125
2018-05-23,169.60000610351562
2018-05-24,169.5500030517578
2018-05-25,169.72000122070312
2018-05-29,168.97000122070312
2018-05-30,170.17999267578125
2018-05-31,170.07000732421875
2018-06-01,172.74000549316406
2018-06-04,174.3000030517578
2018-06-05,174.83999633789062
2018-06-06,175.86000061035156
2018-06-07,174.42999267578125
2018-06-08,174.44000244140625
2018-06-11,174.91000366210938
2018-06-12,175.8300018310547
2018-06-13,175.82000732421875
2018-06-14,177.60000610351562
2018-06-15,176.97999572753906
2018-06-18,176.5
2018-06-19,176.0
2018-06-20,177.25
2018-06-21,175.7100067138672
2018-06-22,175.32000732421875
2018-06-25,171.3699951171875
2018-06-26,172.07000732421875
2018-06-27,169.72999572753906
2018-06-28,171.19000244140625
2018-06-29,171.64999389648438
2018-07-02,172.8000030517578
2018-07-03,170.8000030517578
2018-07-05,172.9199981689453
2018-07-06,175.61000061035156
2018-07-09,177.19000244140625
2018-07-10,177.32000732421875
2018-07-11,176.4199981689453
2018-07-12,179.4600067138672
2018-07-13,179.61000061035156
2018-07-16,179.17999267578125
2018-07-17,180.27000427246094
2018-07-18,179.92999267578125
2018-07-19,179.02999877929688
2018-07-20,178.99000549316406
2018-07-23,179.55999755859375
2018-07-24,180.3000030517578
2018-07-25,182.82000732421875
2018-07-26,180.0500030517578
2018-07-27,177.6199951171875
2018-07-30,175.11000061035156
2018-07-31,176.4499969482422
2018-08-01,177.1199951171875
2018-08-02,179.52999877929688
2018-08-03,180.0800018310547
2018-08-06,181.13999938964844
2018-08-07,181.8000030517578
2018-08-08,182.02000427246094
2018-08-09,181.91000366210938
2018-08-10,180.52000427246094
2018-08-13,180.32000732421875
2018-08-14,181.4499969482422
2018-08-15,179.22999572753906
2018-08-16,179.82000732421875
2018-08-17,179.86000061035156
2018-08-20,179.6999969482422
2018-08-21,180.36000061035156
2018-08-22,181.05999755859375
2018-08-23,180.8000030517578
2018-08-24,182.47999572753906
2018-08-27,184.33999633789062
2018-08-28,184.61000061035156
2018-08-29,186.74000549316406
2018-08-30,186.41000366210938
2018-08-31,186.64999389648438
2018-09-04,185.85000610351562
2018-09-05,183.4499969482422
2018-09-06,181.80999755859375
2018-09-07,181.11000061035156
2018-09-10,181.72000122070312
2018-09-11,183.1199951171875
2018-09-12,182.5800018310547
2018-09-13,184.52999877929688
2018-09-14,183.99000549316406
2018-09-17,181.33999633789062
2018-09-18,182.83999633789062
2018-09-19,182.6999969482422
2018-09-20,184.72000122070312
2018-09-21,183.7100067138672
2018-09-24,183.88999938964844
2018-09-25,184.13999938964844
2018-09-26,184.27000427246094
2018-09-27,185.8300018310547
2018-09-28,185.7899932861328
2018-10-01,186.1699981689453
2018-10-02,185.75
2018-10-03,185.9499969482422
2018-10-04,182.3800048828125
2018-10-05,180.14999389648438
2018-10-08,179.0500030517578
2018-10-09,179.6300048828125
2018-10-10,171.72999572753906
2018-10-11,169.60000610351562
2018-10-12,174.32000732421875
2018-10-15,172.2100067138672
2018-10-16,177.22000122070312
2018-10-17,177.2899932861328
2018-10-18,173.17999267578125
2018-10-19,173.02000427246094
2018-10-22,173.91000366210938
2018-10-23,173.27000427246094
2018-10-24,165.33999633789062
2018-10-25,171.05999755859375
2018-10-26,166.66000366210938
2018-10-29,163.22999572753906
2018-10-30,165.9199981689453
2018-10-31,169.82000732421875
2018-11-01,172.05999755859375
2018-11-02,169.3800048828125
2018-11-05,168.9600067138672
2018-11-06,170.24000549316406
2018-11-07,175.5800018310547
2018-11-08,174.4600067138672
2018-11-09,171.52000427246094
2018-11-12,166.3300018310547
2018-11-13,166.47000122070312
2018-11-14,165.1999969482422
2018-11-15,168.08999633789062
2018-11-16,167.5
2018-11-19,162.05999755859375
2018-11-20,159.16000366210938
2018-11-21,160.3699951171875
2018-11-23,159.2100067138672
2018-11-26,162.88999938964844
2018-11-27,163.44000244140625
2018-11-28,168.6999969482422
2018-11-29,168.14999389648438
2018-11-30,169.3699951171875
2018-12-03,172.3300018310547
2018-12-04,165.72000122070312
2018-12-06,166.88999938964844
2018-12-07,161.3800048828125
2018-12-10,163.07000732421875
2018-12-11,163.61000061035156
2018-12-12,165.0500030517578
2018-12-13,165.10000610351562
2018-12-14,161.0800018310547
2018-12-17,157.42999267578125
2018-12-18,158.4199981689453
2018-12-19,154.52999877929688
2018-12-20,152.2899932861328
2018-12-21,147.57000732421875
2018-12-24,143.5
2018-12-26,152.4600067138672
2018-12-27,153.0500030517578
2018-12-28,152.97000122070312
2018-12-31,154.25999450683594
2019-01-02,154.8800048828125
2019-01-03,149.82000732421875
2019-01-04,156.22999572753906
2019-01-07,158.08999633789062
2019-01-08,159.52000427246094
2019-01-09,160.82000732421875
2019-01-10,161.27999877929688
2019-01-11,160.69000244140625
2019-01-14,159.27000427246094
2019-01-15,162.3800048828125
2019-01-16,162.35000610351562
2019-01-17,163.6300048828125
2019-01-18,165.25
2019-01-22,161.94000244140625
2019-01-23,162.14999389648438
2019-01-24,163.1999969482422
2019-01-25,165.14999389648438
2019-01-28,163.11000061035156
2019-01-29,161.57000732421875
2019-01-30,165.67999267578125
2019-01-31,168.16000366210938
2019-02-01,167.4499969482422
2019-02-04,169.52999877929688
2019-02-05,171.02999877929688
2019-02-06,170.52000427246094
2019-02-07,168.22999572753906
2019-02-08,168.55999755859375
2019-02-11,168.39999389648438
2019-02-12,170.88999938964844
2019-02-13,171.00999450683594
2019-02-14,171.22000122070312
2019-02-15,171.94000244140625
2019-02-19,172.27999877929688
2019-02-20,172.25
2019-02-21,171.6199951171875
2019-02-22,172.88999938964844
2019-02-25,173.52000427246094
2019-02-26,173.6999969482422
2019-02-27,173.58999633789062
2019-02-28,173.19000244140625
2019-03-01,174.38999938964844
2019-03-04,174.4199981689453
2019-03-05,174.5500030517578
2019-03-06,173.55999755859375
2019-03-07,171.42999267578125
2019-03-08,171.1699981689453
2019-03-11,174.72999572753906
2019-03-12,175.69000244140625
2019-03-13,177.00999450683594
2019-03-14,176.7100067138672
2019-03-15,178.35000610351562
2019-03-18,178.4499969482422
2019-03-19,179.0500030517578
2019-03-20,179.75999450683594
2019-03-21,182.57000732421875
2019-03-22,178.55999755859375
2019-03-25,178.22000122070312
2019-03-26,179.0500030517578
2019-03-27,177.89999389648438
2019-03-28,178.30999755859375
2019-03-29,179.66000366210938
2019-04-01,182.0399932861328
2019-04-02,182.72999572753906
2019-04-03,183.77999877929688
2019-04-04,183.7100067138672
2019-04-05,184.66000366210938
2019-04-08,185.1300048828125
2019-04-09,184.47999572753906
2019-04-10,185.47000122070312
2019-04-11,185.02999877929688
2019-04-12,185.8300018310547
2019-04-15,185.86000061035156
2019-04-16,186.5
2019-04-17,187.14999389648438
2019-04-18,187.38999938964844
2019-04-22,187.9199981689453
2019-04-23,190.30999755859375
2019-04-24,189.7100067138672
2019-04-25,190.47999572753906
2019-04-26,190.64999389648438
2019-04-29,191.02000427246094
2019-04-30,189.5399932861328
2019-05-01,188.92999267578125
2019-05-02,188.11000061035156
2019-05-03,191.11000061035156
2019-05-06,189.94000244140625
2019-05-07,186.24000549316406
2019-05-08,185.77000427246094
2019-05-09,184.77000427246094
2019-05-10,185.0
2019-05-13,178.5800018310547
2019-05-14,180.5399932861328
2019-05-15,183.08999633789062
2019-05-16,184.92999267578125
2019-05-17,183.0399932861328
2019-05-20,179.9499969482422
2019-05-21,181.8300018310547
2019-05-22,181.02000427246094
2019-05-23,178.25
2019-05-24,178.16000366210938
2019-05-28,177.49000549316406
2019-05-29,176.02999877929688
2019-05-30,176.77000427246094
2019-05-31,173.9499969482422
2019-06-03,170.1199951171875
2019-06-04,174.91000366210938
2019-06-05,176.2100067138672
2019-06-06,177.61000061035156
2019-06-07,181.0399932861328
2019-06-10,183.14999389648438
2019-06-11,183.39999389648438
2019-06-12,182.33999633789062
2019-06-13,183.4199981689453
2019-06-14,182.63999938964844
2019-06-17,183.74000549316406
2019-06-18,186.41000366210938
2019-06-19,187.11000061035156
2019-06-20,188.85000610351562
2019-06-21,188.57000732421875
2019-06-24,188.16000366210938
2019-06-25,184.92999267578125
2019-06-26,185.7899932861328
2019-06-27,186.5
2019-06-28,186.74000549316406
2019-07-01,189.25999450683594
2019-07-02,190.00999450683594
2019-07-03,191.44000244140625
2019-07-05,191.0500030517578
2019-07-08,189.7100067138672
2019-07-09,190.66000366210938
2019-07-10,192.55999755859375
2019-07-11,192.4199981689453
2019-07-12,193.52999877929688
2019-07-15,194.14999389648438
2019-07-16,193.14999389648438
2019-07-17,192.1999969482422
2019-07-18,192.4199981689453
2019-07-19,191.00999450683594
2019-07-22,192.52999877929688
2019-07-23,193.7899932861328
2019-07-24,195.14999389648438
2019-07-25,193.3000030517578
2019-07-26,195.2899932861328
2019-07-29,194.6199951171875
2019-07-30,193.77999877929688
2019-07-31,191.10000610351562
2019-08-01,190.14999389648438
2019-08-02,187.35000610351562
2019-08-05,180.72999572753906
2019-08-06,183.25999450683594
2019-08-07,184.25
2019-08-08,188.25999450683594
2019-08-09,186.49000549316406
2019-08-12,184.35000610351562
2019-08-13,188.38999938964844
2019-08-14,182.75999450683594
2019-08-15,182.5500030517578
2019-08-16,185.47999572753906
2019-08-19,188.42999267578125
2019-08-20,186.97000122070312
2019-08-21,188.6300048828125
2019-08-22,188.02000427246094
2019-08-23,182.07000732421875
2019-08-26,184.82000732421875
2019-08-27,184.42999267578125
2019-08-28,185.08999633789062
2019-08-29,187.9199981689453
2019-08-30,187.47000122070312
2019-09-03,185.64999389648438
2019-09-04,188.3300018310547
2019-09-05,191.77999877929688
2019-09-06,191.58999633789062
2019-09-09,191.19000244140625
2019-09-10,190.63999938964844
2019-09-11,192.42999267578125
2019-09-12,193.22999572753906
2019-09-13,192.5399932861328
2019-09-16,191.67999267578125
2019-09-17,192.60000610351562
2019-09-18,192.52000427246094
2019-09-19,192.83999633789062
2019-09-20,190.8000030517578
2019-09-23,190.5
2019-09-24,187.97000122070312
2019-09-25,190.0800018310547
2019-09-26,189.3800048828125
2019-09-27,187.02999877929688
2019-09-30,188.80999755859375
2019-10-01,187.27000427246094
2019-10-02,184.0500030517578
2019-10-03,186.07000732421875
2019-10-04,188.80999755859375
2019-10-07,188.24000549316406
2019-10-08,185.4199981689453
2019-10-09,187.22999572753906
2019-10-10,188.67999267578125
2019-10-11,191.11000061035156
2019-10-14,191.08999633789062
2019-10-15,193.52000427246094
2019-10-16,193.0399932861328
2019-10-17,193.5500030517578
2019-10-18,191.69000244140625
2019-10-21,193.38999938964844
2019-10-22,191.85000610351562
2019-10-23,192.22000122070312
2019-10-24,194.08999633789062
2019-10-25,195.63999938964844
2019-10-28,197.57000732421875
2019-10-29,196.0399932861328
2019-10-30,196.99000549316406
2019-10-31,197.0800018310547
2019-11-01,198.8699951171875
2019-11-04,200.10000610351562
2019-11-05,200.2100067138672
2019-11-06,199.75999450683594
2019-11-07,200.42999267578125
2019-11-08,201.22999572753906
2019-11-11,200.9600067138672
2019-11-12,201.5399932861328
2019-11-13,201.58999633789062
2019-11-14,201.42999267578125
2019-11-15,202.91000366210938
2019-11-18,203.07000732421875
2019-11-19,203.3699951171875
2019-11-20,202.14999389648438
2019-11-21,201.6999969482422
2019-11-22,201.8300018310547
2019-11-25,204.22000122070312
2019-11-26,204.61000061035156
2019-11-27,206.0399932861328
2019-11-29,205.10000610351562
2019-12-02,203.0
2019-12-03,201.41000366210938
2019-12-04,202.42999267578125
2019-12-05,202.8300018310547
2019-12-06,205.0
2019-12-09,204.07000732421875
2019-12-10,203.89999389648438
2019-12-11,204.97999572753906
2019-12-12,206.50999450683594
2019-12-13,207.19000244140625
2019-12-16,209.27000427246094
2019-12-17,209.38999938964844
2019-12-18,209.5500030517578
2019-12-19,210.86000061035156
2019-12-20,211.7100067138672
2019-12-23,211.80999755859375
2019-12-24,211.9199981689453
2019-12-26,213.7899932861328
2019-12-27,213.61000061035156
2019-12-30,212.2100067138672
2019-12-31,212.61000061035156
2020-01-02,216.16000366210938
2020-01-03,214.17999267578125
2020-01-06,215.55999755859375
2020-01-07,215.52999877929688
2020-01-08,217.14999389648438
2020-01-09,218.99000549316406
2020-01-10,218.42999267578125
2020-01-13,220.9499969482422
2020-01-14,220.0800018310547
2020-01-15,220.1699981689453
2020-01-16,222.27999877929688
2020-01-17,223.3800048828125
2020-01-21,223.27999877929688
2020-01-22,223.8699951171875
2020-01-23,224.58999633789062
2020-01-24,222.6999969482422
2020-01-27,218.10000610351562
2020-01-28,221.4499969482422
2020-01-29,221.80999755859375
2020-01-30,222.60000610351562
2020-01-31,219.07000732421875
2020-02-03,222.3800048828125
2020-02-04,227.47000122070312
2020-02-05,228.22000122070312
2020-02-06,230.19000244140625
2020-02-07,229.1999969482422
2020-02-10,231.97000122070312
2020-02-11,232.00999450683594
2020-02-12,234.27000427246094
2020-02-13,233.97000122070312
2020-02-14,234.63999938964844
2020-02-18,234.72999572753906
2020-02-19,236.97999572753906
2020-02-20,234.77999877929688
2020-02-21,230.27000427246094
2020-02-24,221.38999938964844
2020-02-25,215.3699951171875
2020-02-26,216.47999572753906
2020-02-27,205.63999938964844
2020-02-28,205.8000030517578
2020-03-02,216.4199981689453
2020-03-03,209.47999572753906
2020-03-04,218.22000122070312
2020-03-05,211.58999633789062
2020-03-06,208.02000427246094
2020-03-09,193.57000732421875
2020-03-10,204.11000061035156
2020-03-11,195.22000122070312
2020-03-12,177.32000732421875
2020-03-13,192.33999633789062
2020-03-16,169.3000030517578
2020-03-17,182.13999938964844
2020-03-18,176.60000610351562
2020-03-19,177.66000366210938
2020-03-20,170.6999969482422
2020-03-23,170.4600067138672
2020-03-24,183.66000366210938
2020-03-25,182.3000030517578
2020-03-26,191.89999389648438
2020-03-27,185.3000030517578
2020-03-30,192.0399932861328
2020-03-31,190.39999389648438
2020-04-01,182.30999755859375
2020-04-02,186.00999450683594
2020-04-03,183.3699951171875
2020-04-06,196.47999572753906
2020-04-07,196.39999389648438
2020-04-08,200.57000732421875
2020-04-09,200.86000061035156
2020-04-13,203.02999877929688
2020-04-14,211.86000061035156
2020-04-15,209.42999267578125
2020-04-16,213.25
2020-04-17,215.2899932861328
2020-04-20,212.74000549316406
2020-04-21,204.88999938964844
2020-04-22,210.97000122070312
2020-04-23,210.52000427246094
2020-04-24,213.83999633789062
2020-04-27,215.55999755859375
2020-04-28,211.5
2020-04-29,219.0
2020-04-30,218.91000366210938
2020-05-01,212.74000549316406
2020-05-04,215.22000122070312
2020-05-05,217.66000366210938
2020-05-06,219.0
2020-05-07,221.82000732421875
2020-05-08,224.86000061035156
2020-05-11,226.8699951171875
2020-05-12,222.1199951171875
2020-05-13,219.33999633789062
2020-05-14,221.8300018310547
2020-05-15,223.27000427246094
2020-05-18,227.42999267578125
2020-05-19,226.86000061035156
2020-05-20,231.38999938964844
2020-05-21,228.8699951171875
2020-05-22,229.66000366210938
2020-05-26,229.0399932861328
2020-05-27,230.2899932861328
2020-05-28,229.99000549316406
2020-05-29,233.36000061035156
2020-06-01,234.05999755859375
2020-06-02,235.6300048828125
2020-06-03,236.69000244140625
2020-06-04,235.02999877929688
2020-06-05,239.69000244140625
2020-06-08,241.5500030517578
2020-06-09,243.3000030517578
2020-06-10,246.22000122070312
2020-06-11,234.02000427246094
2020-06-12,235.8800048828125
2020-06-15,238.75
2020-06-16,242.85000610351562
2020-06-17,243.6199951171875
2020-06-18,244.27999877929688
2020-06-19,244.24000549316406
2020-06-22,246.74000549316406
2020-06-23,248.83999633789062
2020-06-24,243.7100067138672
2020-06-25,246.02999877929688
2020-06-26,240.22000122070312
2020-06-29,242.83999633789062
2020-06-30,247.60000610351562
2020-07-01,250.49000549316406
2020-07-02,252.19000244140625
2020-07-06,258.3900146484375
2020-07-07,256.6099853515625
2020-07-08,259.989990234375
2020-07-09,262.17999267578125
2020-07-10,263.9700012207031
2020-07-13,258.5400085449219
2020-07-14,260.3699951171875
2020-07-15,260.8999938964844
2020-07-16,259.1199951171875
2020-07-17,259.4200134277344
2020-07-20,266.7799987792969
2020-07-21,264.0
2020-07-22,264.92999267578125
2020-07-23,258.010009765625
2020-07-24,255.55999755859375
2020-07-27,260.1199951171875
2020-07-28,256.80999755859375
2020-07-29,259.7699890136719
2020-07-30,261.1300048828125
2020-07-31,265.7900085449219
2020-08-03,269.3800048828125
2020-08-04,270.3800048828125
2020-08-05,271.04998779296875
2020-08-06,274.6400146484375
2020-08-07,271.4700012207031
2020-08-10,270.30999755859375
2020-08-11,265.19000244140625
2020-08-12,271.8599853515625
2020-08-13,272.4800109863281
2020-08-14,272.1600036621094
2020-08-17,275.32000732421875
2020-08-18,277.9700012207031
2020-08-19,276.1000061035156
2020-08-20,279.92999267578125
2020-08-21,281.8699951171875
2020-08-24,283.6300048828125
2020-08-25,285.8599853515625
2020-08-26,291.9599914550781
2020-08-27,291.04998779296875
2020-08-28,292.5299987792969
2020-08-31,294.8800048828125
2020-09-01,299.9200134277344
2020-09-02,302.760009765625
2020-09-03,287.4100036621094
2020-09-04,283.5799865722656
2020-09-08,269.95001220703125
2020-09-09,277.8800048828125
2020-09-10,272.3399963378906
2020-09-11,270.45001220703125
2020-09-14,275.1600036621094
2020-09-15,279.05999755859375
2020-09-16,274.6099853515625
2020-09-17,270.32000732421875
2020-09-18,266.8699951171875
2020-09-21,267.510009765625
2020-09-22,272.4800109863281
2020-09-23,264.1600036621094
2020-09-24,265.3900146484375
2020-09-25,271.55999755859375
2020-09-28,277.20001220703125
2020-09-29,275.95001220703125
2020-09-30,277.8399963378906
2020-10-01,282.25
2020-10-02,274.30999755859375
2020-10-05,280.1600036621094
2020-10-06,275.1600036621094
2020-10-07,279.9200134277344
2020-10-08,281.4100036621094
2020-10-09,285.7099914550781
2020-10-12,294.5299987792969
2020-10-13,294.5199890136719
2020-10-14,292.05999755859375
2020-10-15,290.1000061035156
2020-10-16,288.510009765625
2020-10-19,283.79998779296875
2020-10-20,284.4100036621094
2020-10-21,284.19000244140625
2020-10-22,284.17999267578125
2020-10-23,284.739990234375
2020-10-26,280.4700012207031
2020-10-27,282.6600036621094
2020-10-28,271.6400146484375
2020-10-29,276.3900146484375
2020-10-30,269.3800048828125
